model,test_subject,n_train,n_test,n_test_fall,n_test_adl,tn,fp,fn,tp,accuracy,sensitivity,specificity,precision,f1,balanced_accuracy
random_forest,1,9436,247,0,247,235,12,0,0,0.951417004048583,,0.951417004048583,,,
random_forest,2,9046,637,247,390,360,30,35,212,0.8979591836734694,0.8582995951417004,0.9230769230769231,0.8760330578512396,0.8670756646216768,0.8906882591093117
random_forest,3,9449,234,0,234,212,22,0,0,0.905982905982906,,0.905982905982906,,,
random_forest,4,9141,542,152,390,382,8,40,112,0.9114391143911439,0.7368421052631579,0.9794871794871794,0.9333333333333333,0.8235294117647058,0.8581646423751687
random_forest,5,9046,637,234,403,382,21,45,189,0.8963893249607535,0.8076923076923077,0.9478908188585607,0.9,0.8513513513513514,0.8777915632754343
random_forest,6,9033,650,221,429,388,41,47,174,0.8646153846153846,0.7873303167420814,0.9044289044289044,0.8093023255813954,0.798165137614679,0.8458796105854929
random_forest,7,9254,429,78,351,327,24,37,41,0.8578088578088578,0.5256410256410257,0.9316239316239316,0.6307692307692307,0.5734265734265734,0.7286324786324787
random_forest,8,9553,130,78,52,48,4,26,52,0.7692307692307693,0.6666666666666666,0.9230769230769231,0.9285714285714286,0.7761194029850746,0.7948717948717949
random_forest,9,9241,442,0,442,425,17,0,0,0.9615384615384616,,0.9615384615384616,,,
random_forest,10,9436,247,0,247,247,0,0,0,1.0,,1.0,,,
random_forest,11,9218,465,231,234,226,8,78,153,0.8150537634408602,0.6623376623376623,0.9658119658119658,0.9503105590062112,0.7806122448979592,0.8140748140748141
random_forest,12,9254,429,0,429,408,21,0,0,0.951048951048951,,0.951048951048951,,,
random_forest,13,9423,260,0,260,259,1,0,0,0.9961538461538462,,0.9961538461538462,,,
random_forest,14,9267,416,117,299,256,43,29,88,0.8269230769230769,0.7521367521367521,0.8561872909698997,0.6717557251908397,0.7096774193548386,0.8041620215533258
random_forest,15,9254,429,156,273,260,13,25,131,0.9114219114219114,0.8397435897435898,0.9523809523809523,0.9097222222222222,0.8733333333333333,0.896062271062271
random_forest,16,9548,135,70,65,64,1,44,26,0.6666666666666666,0.37142857142857144,0.9846153846153847,0.9629629629629629,0.5360824742268041,0.6780219780219781
random_forest,17,9410,273,143,130,119,11,25,118,0.8681318681318682,0.8251748251748252,0.9153846153846154,0.9147286821705426,0.8676470588235293,0.8702797202797203
random_forest,18,7226,2457,728,1729,1651,78,227,501,0.8758648758648758,0.6881868131868132,0.9548872180451128,0.8652849740932642,0.7666411629686304,0.8215370156159629
random_forest,19,9059,624,234,390,379,11,96,138,0.8285256410256411,0.5897435897435898,0.9717948717948718,0.9261744966442953,0.7206266318537861,0.7807692307692308
svm_rbf,1,9436,247,0,247,225,22,0,0,0.9109311740890689,,0.9109311740890689,,,
svm_rbf,2,9046,637,247,390,338,52,15,232,0.8948194662480377,0.9392712550607287,0.8666666666666667,0.8169014084507042,0.8738229755178907,0.9029689608636977
svm_rbf,3,9449,234,0,234,194,40,0,0,0.8290598290598291,,0.8290598290598291,,,
svm_rbf,4,9141,542,152,390,365,25,47,105,0.8671586715867159,0.6907894736842105,0.9358974358974359,0.8076923076923077,0.7446808510638299,0.8133434547908232
svm_rbf,5,9046,637,234,403,375,28,34,200,0.902668759811617,0.8547008547008547,0.9305210918114144,0.8771929824561403,0.8658008658008658,0.8926109732561345
svm_rbf,6,9033,650,221,429,373,56,28,193,0.8707692307692307,0.8733031674208145,0.8694638694638694,0.7751004016064257,0.8212765957446808,0.871383518442342
svm_rbf,7,9254,429,78,351,328,23,46,32,0.8391608391608392,0.41025641025641024,0.9344729344729344,0.5818181818181818,0.48120300751879697,0.6723646723646723
svm_rbf,8,9553,130,78,52,46,6,10,68,0.8769230769230769,0.8717948717948718,0.8846153846153846,0.918918918918919,0.8947368421052632,0.8782051282051282
svm_rbf,9,9241,442,0,442,409,33,0,0,0.9253393665158371,,0.9253393665158371,,,
svm_rbf,10,9436,247,0,247,241,6,0,0,0.9757085020242915,,0.9757085020242915,,,
svm_rbf,11,9218,465,231,234,204,30,65,166,0.7956989247311828,0.7186147186147186,0.8717948717948718,0.8469387755102041,0.7775175644028103,0.7952047952047951
svm_rbf,12,9254,429,0,429,352,77,0,0,0.8205128205128205,,0.8205128205128205,,,
svm_rbf,13,9423,260,0,260,252,8,0,0,0.9692307692307692,,0.9692307692307692,,,
svm_rbf,14,9267,416,117,299,247,52,25,92,0.8149038461538461,0.7863247863247863,0.8260869565217391,0.6388888888888888,0.7049808429118773,0.8062058714232627
svm_rbf,15,9254,429,156,273,254,19,37,119,0.8694638694638694,0.7628205128205128,0.9304029304029304,0.8623188405797102,0.8095238095238095,0.8466117216117216
svm_rbf,16,9548,135,70,65,49,16,33,37,0.6370370370370371,0.5285714285714286,0.7538461538461538,0.6981132075471698,0.6016260162601625,0.6412087912087912
svm_rbf,17,9410,273,143,130,114,16,14,129,0.8901098901098901,0.9020979020979021,0.8769230769230769,0.8896551724137931,0.8958333333333334,0.8895104895104895
svm_rbf,18,7226,2457,728,1729,1651,78,193,535,0.8897028897028897,0.7348901098901099,0.9548872180451128,0.8727569331158238,0.7979120059656972,0.8448886639676114
svm_rbf,19,9059,624,234,390,355,35,97,137,0.7884615384615384,0.5854700854700855,0.9102564102564102,0.7965116279069767,0.6748768472906403,0.7478632478632479
svm_linear,1,9436,247,0,247,155,92,0,0,0.6275303643724697,,0.6275303643724697,,,
svm_linear,2,9046,637,247,390,255,135,18,229,0.7598116169544741,0.9271255060728745,0.6538461538461539,0.6291208791208791,0.7495908346972177,0.7904858299595141
svm_linear,3,9449,234,0,234,131,103,0,0,0.5598290598290598,,0.5598290598290598,,,
svm_linear,4,9141,542,152,390,298,92,16,136,0.8007380073800738,0.8947368421052632,0.764102564102564,0.5964912280701754,0.7157894736842105,0.8294197031039137
svm_linear,5,9046,637,234,403,221,182,18,216,0.6860282574568289,0.9230769230769231,0.5483870967741935,0.542713567839196,0.6835443037974683,0.7357320099255583
svm_linear,6,9033,650,221,429,313,116,34,187,0.7692307692307693,0.8461538461538461,0.7296037296037297,0.6171617161716172,0.7137404580152673,0.7878787878787878
svm_linear,7,9254,429,78,351,198,153,24,54,0.5874125874125874,0.6923076923076923,0.5641025641025641,0.2608695652173913,0.3789473684210526,0.6282051282051282
svm_linear,8,9553,130,78,52,34,18,23,55,0.6846153846153846,0.7051282051282052,0.6538461538461539,0.7534246575342466,0.728476821192053,0.6794871794871795
svm_linear,9,9241,442,0,442,283,159,0,0,0.6402714932126696,,0.6402714932126696,,,
svm_linear,10,9436,247,0,247,169,78,0,0,0.6842105263157895,,0.6842105263157895,,,
svm_linear,11,9218,465,231,234,185,49,47,184,0.7935483870967742,0.7965367965367965,0.7905982905982906,0.7896995708154506,0.793103448275862,0.7935675435675436
svm_linear,12,9254,429,0,429,241,188,0,0,0.5617715617715617,,0.5617715617715617,,,
svm_linear,13,9423,260,0,260,213,47,0,0,0.8192307692307692,,0.8192307692307692,,,
svm_linear,14,9267,416,117,299,245,54,23,94,0.8149038461538461,0.8034188034188035,0.8193979933110368,0.6351351351351351,0.7094339622641509,0.8114083983649201
svm_linear,15,9254,429,156,273,184,89,5,151,0.7808857808857809,0.967948717948718,0.673992673992674,0.6291666666666667,0.7626262626262627,0.8209706959706959
svm_linear,16,9548,135,70,65,36,29,20,50,0.6370370370370371,0.7142857142857143,0.5538461538461539,0.6329113924050633,0.6711409395973155,0.634065934065934
svm_linear,17,9410,273,143,130,100,30,13,130,0.8424908424908425,0.9090909090909091,0.7692307692307693,0.8125,0.858085808580858,0.8391608391608392
svm_linear,18,7226,2457,728,1729,1392,337,207,521,0.7785917785917786,0.7156593406593407,0.8050896471949104,0.6072261072261073,0.6569987389659521,0.7603744939271255
svm_linear,19,9059,624,234,390,292,98,112,122,0.6634615384615384,0.5213675213675214,0.7487179487179487,0.5545454545454546,0.5374449339207049,0.635042735042735
logistic_regression,1,9436,247,0,247,168,79,0,0,0.680161943319838,,0.680161943319838,,,
logistic_regression,2,9046,637,247,390,252,138,15,232,0.7598116169544741,0.9392712550607287,0.6461538461538462,0.6270270270270271,0.7520259319286873,0.7927125506072874
logistic_regression,3,9449,234,0,234,129,105,0,0,0.5512820512820513,,0.5512820512820513,,,
logistic_regression,4,9141,542,152,390,313,77,16,136,0.8284132841328413,0.8947368421052632,0.8025641025641026,0.6384976525821596,0.7452054794520548,0.8486504723346828
logistic_regression,5,9046,637,234,403,266,137,51,183,0.7048665620094191,0.782051282051282,0.6600496277915633,0.571875,0.6606498194945848,0.7210504549214227
logistic_regression,6,9033,650,221,429,318,111,33,188,0.7784615384615384,0.8506787330316742,0.7412587412587412,0.6287625418060201,0.7230769230769231,0.7959687371452078
logistic_regression,7,9254,429,78,351,205,146,29,49,0.5920745920745921,0.6282051282051282,0.584045584045584,0.2512820512820513,0.358974358974359,0.6061253561253561
logistic_regression,8,9553,130,78,52,34,18,30,48,0.6307692307692307,0.6153846153846154,0.6538461538461539,0.7272727272727273,0.6666666666666667,0.6346153846153846
logistic_regression,9,9241,442,0,442,326,116,0,0,0.7375565610859729,,0.7375565610859729,,,
logistic_regression,10,9436,247,0,247,168,79,0,0,0.680161943319838,,0.680161943319838,,,
logistic_regression,11,9218,465,231,234,190,44,52,179,0.7935483870967742,0.7748917748917749,0.811965811965812,0.8026905829596412,0.7885462555066078,0.7934287934287934
logistic_regression,12,9254,429,0,429,265,164,0,0,0.6177156177156177,,0.6177156177156177,,,
logistic_regression,13,9423,260,0,260,206,54,0,0,0.7923076923076923,,0.7923076923076923,,,
logistic_regression,14,9267,416,117,299,246,53,23,94,0.8173076923076923,0.8034188034188035,0.822742474916388,0.6394557823129252,0.7121212121212123,0.8130806391675958
logistic_regression,15,9254,429,156,273,220,53,20,136,0.8298368298368298,0.8717948717948718,0.8058608058608059,0.7195767195767195,0.7884057971014493,0.8388278388278388
logistic_regression,16,9548,135,70,65,39,26,25,45,0.6222222222222222,0.6428571428571429,0.6,0.6338028169014085,0.6382978723404257,0.6214285714285714
logistic_regression,17,9410,273,143,130,106,24,17,126,0.8498168498168498,0.8811188811188811,0.8153846153846154,0.84,0.8600682593856654,0.8482517482517482
logistic_regression,18,7226,2457,728,1729,1393,336,220,508,0.7737077737077737,0.6978021978021978,0.805668016194332,0.6018957345971564,0.6463104325699744,0.751735106998265
logistic_regression,19,9059,624,234,390,277,113,102,132,0.655448717948718,0.5641025641025641,0.7102564102564103,0.5387755102040817,0.5511482254697286,0.6371794871794871
