threshold,sensitivity,specificity,precision,f1,accuracy,missed_falls,false_alarms
0.1,0.9724804760133878,0.27823849013440094,0.34125016312149287,0.5052163833075735,0.4710317050500878,74,5048
0.15,0.9312011900334697,0.49185015727766657,0.41333773522614725,0.5725391562821539,0.6138593411132913,185,3554
0.2,0.8977314986984009,0.6515584786960251,0.49762935477221193,0.640318302387268,0.7199215119281215,275,2437
0.25,0.8605429527705467,0.7537889619674006,0.5733399405351833,0.6881784386617101,0.7834348858824745,375,1722
0.3,0.8352547415396058,0.8237060337432085,0.6455878125898247,0.7282749675745784,0.8269131467520396,443,1233
0.35,0.8069914466344366,0.8704603946239634,0.7054616384915474,0.7528187337380746,0.8528348652277187,519,906
0.4,0.7772406098921533,0.9066342579353732,0.7619394823186293,0.7695139911634757,0.8707012289579675,599,653
0.5,0.7195983637039792,0.9476694309408064,0.8409387222946545,0.7755511022044088,0.8843333677579263,754,366
0.6,0.647452584603942,0.9682585072919645,0.8869077941925624,0.7484952708512468,0.879169678818548,948,222
0.7,0.5745630345853477,0.9784100657706606,0.9109669811320755,0.7046750285062714,0.8662604564701022,1144,151
0.8,0.48047601338787654,0.9885616242493566,0.9416909620991254,0.6362964786998276,0.8474646287307652,1397,80
